{"cameraMode":{"drawMode":0,"name":"Shaded","section":"Shading Mode"},"sceneLighting":false,"audioPlay":false,"sceneViewState":{"showFog":true,"showMaterialUpdate":false,"showSkybox":true,"showFlares":true,"showImageEffects":true,"showParticleSystems":true},"in2DMode":false,"pivot":{"x":14.090034484863282,"y":3.4046874046325685,"z":0.993600606918335},"rotation":{"x":-0.05292395502328873,"y":-0.9050368070602417,"z":0.11823006719350815,"w":-0.4051286578178406},"size":17.813081741333009,"orthographic":true}