{"cameraMode":{"drawMode":0,"name":"Shaded","section":"Shading Mode"},"sceneLighting":false,"audioPlay":false,"sceneViewState":{"showFog":true,"showMaterialUpdate":false,"showSkybox":true,"showFlares":true,"showImageEffects":true,"showParticleSystems":true},"in2DMode":false,"pivot":{"x":-6.152805328369141,"y":2.4370906352996828,"z":0.03786659240722656},"rotation":{"x":-0.013997960835695267,"y":-0.9776138067245483,"z":0.19826573133468629,"w":-0.06903660297393799},"size":13.652884483337403,"orthographic":true}