{"cameraMode":{"drawMode":0,"name":"Shaded","section":"Shading Mode"},"sceneLighting":true,"audioPlay":false,"sceneViewState":{"showFog":true,"showMaterialUpdate":false,"showSkybox":true,"showFlares":true,"showImageEffects":true,"showParticleSystems":true},"in2DMode":false,"pivot":{"x":11.19244384765625,"y":2.81329345703125,"z":21.3880615234375},"rotation":{"x":-0.013997960835695267,"y":-0.9776138067245483,"z":0.19826573133468629,"w":-0.06903660297393799},"size":0.9755661487579346,"orthographic":true}